{
    "$schema": "http://www.freedatamap.com/jsonSchema/schema#",
    "root":{"name":"freeDatamap conceptual map","level":0,"rawNode":{"displayName":"Concept map","displayName.dm_props":{"name":"displayName","label":"displayName","type":"text","source":"user","level":0},"dm_sourceFile":"freeDatamap%20conceptual%20map.json","icon":"freeDatamap-www/mindMapping_icon.png","icon.dm_props":{"name":"icon","label":"icon","visible":true,"type":"image","source":"user","imageName":"freeDatamap-www/mindMapping_icon.png","width":180,"height":180,"panelMaxHeight":180,"scaleFactor":"5","level":3},"backgroundImage":"freeDatamap-www/supercomputer_marshmallow-laser-feast.jpg","backgroundImage.dm_props":{"name":"backgroundImage","label":"backgroundImage","visible":true,"type":"image","imageName":"freeDatamap-www/supercomputer_marshmallow-laser-feast.jpg","width":800,"height":534,"panelMaxHeight":888,"scaleFactor":1,"source":"user","dontExport":true,"level":3},"order":7},"children":[{"name":"promotes meaningful information","level":1,"rawNode":{},"children":[{"name":"based on aggregated information","level":2,"rawNode":{"connectedFrom":[{"nodePath":"freeDatamap conceptual map|represents organised knowledge|through concepts|that are entities|aggregating sub entities"}],"connectedFrom.dm_props":{"name":"connectedFrom","label":"connectedFrom","type":"transverse link","source":"user"}},"children":[{"name":"coming from analytics","level":3,"rawNode":{},"children":[{"name":"computed in backtrack","level":4,"rawNode":{}},{"name":"computed in foretrack","level":4,"rawNode":{}}]}]},{"name":"based on associations","level":2,"rawNode":{},"children":[{"name":"hierarchical relations","level":3,"rawNode":{"connectedTo":[{"nodePath":"freeDatamap conceptual map|represents organised knowledge|through propositions|that are relationships between concepts|hierarchical"}],"connectedTo.dm_props":{"name":"connectedTo","label":"connectedTo","type":"transverse link","source":"user"}}},{"name":"transversal relations","level":3,"rawNode":{"connectedTo":[{"nodePath":"freeDatamap conceptual map|represents organised knowledge|through propositions|that are relationships between concepts|transversal"}],"connectedTo.dm_props":{"name":"connectedTo","label":"connectedTo","type":"transverse link","source":"user"}}}]},{"name":"based on atomic information","level":2,"rawNode":{"connectedFrom":[{"nodePath":"freeDatamap conceptual map|represents organised knowledge|through concepts|that are entities|atomic"}],"connectedFrom.dm_props":{"name":"connectedFrom","label":"connectedFrom","type":"transverse link","source":"user"}},"children":[{"name":"coming from automation","level":3,"rawNode":{},"children":[{"name":"JSON","level":4,"rawNode":{}},{"name":"LDAP","level":4,"rawNode":{}},{"name":"SQLite DB","level":4,"rawNode":{}},{"name":"flat datasheets","level":4,"rawNode":{}},{"name":"geoJSON","level":4,"rawNode":{}}]},{"name":"coming from user entry","level":3,"rawNode":{},"children":[{"name":"manual edit in the map","level":4,"rawNode":{}}]}]}]},{"name":"represents organised knowledge","level":1,"rawNode":{},"children":[{"name":"through concepts","level":2,"rawNode":{},"children":[{"name":"that are entities","level":3,"rawNode":{},"children":[{"name":"aggregating sub entities","level":4,"rawNode":{"connectedTo":[{"nodePath":"freeDatamap conceptual map|promotes meaningful information|based on aggregated information"}],"connectedTo.dm_props":{"name":"connectedTo","label":"connectedTo","type":"transverse link","source":"user"}}},{"name":"atomic","level":4,"rawNode":{"connectedTo":[{"nodePath":"freeDatamap conceptual map|promotes meaningful information|based on atomic information"}],"connectedTo.dm_props":{"name":"connectedTo","label":"connectedTo","type":"transverse link","source":"user"}}}]}]},{"name":"through propositions","level":2,"rawNode":{},"children":[{"name":"that are relationships between concepts","level":3,"rawNode":{},"children":[{"name":"hierarchical","level":4,"rawNode":{"connectedFrom":[{"nodePath":"freeDatamap conceptual map|promotes meaningful information|based on associations|hierarchical relations"}],"connectedFrom.dm_props":{"name":"connectedFrom","label":"connectedFrom","type":"transverse link","source":"user"}}},{"name":"transversal","level":4,"rawNode":{"connectedFrom":[{"nodePath":"freeDatamap conceptual map|promotes meaningful information|based on associations|transversal relations"}],"connectedFrom.dm_props":{"name":"connectedFrom","label":"connectedFrom","type":"transverse link","source":"user"}}}]}]}]}],"dm_config":{"root":null,"styles":[{"name":"root","level":0,"arrow":true,"arc":false,"rNod":10,"link":120,"color":"#1f77b4","attrPaneCol":"#aec7e8","arrow.dm_props":{"name":"arrow","label":"arrow","type":"text"},"arc.dm_props":{"name":"arc","label":"arc","type":"text"},"rNod.dm_props":{"name":"rNod","label":"rNod","type":"text"},"link.dm_props":{"name":"link","label":"link","type":"text"},"color.dm_props":{"name":"color","label":"color","type":"text"},"attrPaneCol.dm_props":{"name":"attrPaneCol","label":"attrPaneCol","type":"text"},"__dm_uniqueId.dm_props":{"name":"__dm_uniqueId","label":"__dm_uniqueId","type":"text"}},{"name":"level 1","level":1,"arrow":true,"arc":false,"rNod":10,"link":80,"color":"#1f77b4","attrPaneCol":"#aec7e8"},{"name":"level 2","level":2,"arrow":true,"arc":false,"rNod":9,"link":80,"color":"#ff7f0e","attrPaneCol":"#ffbb78"},{"name":"level 3","level":3,"arrow":true,"arc":false,"rNod":9,"link":90,"color":"#2ca02c","attrPaneCol":"#98df8a","arrow.dm_props":{"name":"arrow","label":"arrow","type":"text"},"arc.dm_props":{"name":"arc","label":"arc","type":"text"},"rNod.dm_props":{"name":"rNod","label":"rNod","type":"text"},"link.dm_props":{"name":"link","label":"link","type":"text"},"color.dm_props":{"name":"color","label":"color","type":"text"},"attrPaneCol.dm_props":{"name":"attrPaneCol","label":"attrPaneCol","type":"text"},"__dm_uniqueId.dm_props":{"name":"__dm_uniqueId","label":"__dm_uniqueId","type":"text"}},{"name":"level 4","level":4,"arrow":true,"arc":false,"rNod":9,"link":90,"color":"#d62728","attrPaneCol":"#ff9896","arrow.dm_props":{"name":"arrow","label":"arrow","type":"text"},"arc.dm_props":{"name":"arc","label":"arc","type":"text"},"rNod.dm_props":{"name":"rNod","label":"rNod","type":"text"},"link.dm_props":{"name":"link","label":"link","type":"text"},"color.dm_props":{"name":"color","label":"color","type":"text"},"attrPaneCol.dm_props":{"name":"attrPaneCol","label":"attrPaneCol","type":"text"}},{"name":"level 5","level":5,"arrow":true,"arc":false,"rNod":8,"link":90,"color":"#9467bd","attrPaneCol":"#c5b0d5"},{"name":"level 6","level":6,"arrow":true,"arc":false,"rNod":8,"link":90,"color":"#e377c2","attrPaneCol":"#f7b6d2"},{"name":"level 7","level":7,"arrow":true,"arc":false,"rNod":7,"link":90,"color":"#bcbd22","attrPaneCol":"#dbdb8d"},{"name":"level 8","level":8,"arrow":true,"arc":false,"rNod":7,"link":90,"color":"#17becf","attrPaneCol":"#9edae5"},{"name":"level 9","level":9,"arrow":true,"arc":false,"rNod":6,"link":90,"color":"#6b6ecf","attrPaneCol":"#9c9ede"},{"name":"level 10","level":10,"arrow":true,"arc":false,"rNod":6,"link":90,"color":"#1f77b4","attrPaneCol":"#aec7e8"},{"name":"level 11","level":11,"arrow":true,"arc":false,"rNod":5,"link":90,"color":"#ff7f0e","attrPaneCol":"#ffbb78"},{"name":"level 12","level":12,"arrow":true,"arc":false,"rNod":5,"link":90,"color":"#2ca02c","attrPaneCol":"#98df8a"},{"name":"level 13","level":13,"arrow":true,"arc":false,"rNod":5,"link":90,"color":"#d62728","attrPaneCol":"#ff9896"},{"name":"level 14","level":14,"arrow":true,"arc":false,"rNod":5,"link":90,"color":"#9467bd","attrPaneCol":"#c5b0d5"},{"name":"level 15","level":15,"arrow":true,"arc":false,"rNod":4,"link":90,"color":"#e377c2","attrPaneCol":"#f7b6d2"},{"name":"level 16","level":16,"arrow":true,"arc":false,"rNod":4,"link":90,"color":"#bcbd22","attrPaneCol":"#dbdb8d"},{"name":"level 17","level":17,"arrow":true,"arc":false,"rNod":4,"link":90,"color":"#17becf","attrPaneCol":"#9edae5"},{"name":"level 18","level":18,"arrow":true,"arc":false,"rNod":4,"link":90,"color":"#6b6ecf","attrPaneCol":"#9c9ede"},{"name":"leaf","level":19,"arrow":false,"arc":true,"rNod":3,"link":45,"color":"#c7c7c7","attrPaneCol":"#c7c7c7","txtCol":"#7f7f7f"}],"center":null,"depth":"6","setColumns2node":[null,null,null,null,null,null,null,null,null,null,null,null,null,null,null,null,null,null,null,null,null],"aggregate":null,"txtFontSize":13,"displayProps":[{"name":"root","children":[]},{"name":"level 0","children":[]},{"name":"level 1","children":[]},{"name":"level 2","children":[]},{"name":"level 3","children":[]},{"name":"level 4","children":[]},{"name":"level 5","children":[]},{"name":"level 6","children":[]},{"name":"level 7","children":[]},{"name":"level 8","children":[]},{"name":"level 9","children":[]},{"name":"level 10","children":[]},{"name":"level 11","children":[]},{"name":"level 12","children":[]},{"name":"level 13","children":[]},{"name":"level 14","children":[]},{"name":"level 15","children":[]},{"name":"level 16","children":[]},{"name":"level 17","children":[]},{"name":"leaf","children":[]}],"root.dm_props":{"name":"root","label":"root","type":"text"},"center.dm_props":{"name":"center","label":"center","type":"text"},"depth.dm_props":{"name":"depth","label":"depth","type":"text"},"maxDepthForExport":4,"maxDepthForExport.dm_props":{"name":"maxDepthForExport","label":"maxDepthForExport","type":"text"},"sortDescendant.dm_props":{"name":"sortDescendant","label":"sortDescendant","type":"text"},"sort.dm_props":{"name":"sort","label":"sort","type":"text"},"props4globalSearch.dm_props":{"name":"props4globalSearch","label":"props4globalSearch","type":"text"},"dm_sourceFile":"freeDatamap conceptual map.json","$schema":"http://www.freedatamap.com/jsonConfigSchema/schema#","dm_DatamapName":"freeDatamap conceptual map.json"},"dm_DatamapName":"freeDatamap conceptual map.json","dm_lastAggregationStamp":1449735838481}
}