{
    "config": {"retintIcons":false,"updateAllDmProps":false,"updateAllImageSizes":false,"inlineAllImages":false,"depth":2,"sort":"order","sortDescendant":false,"txtFontSize":13,"maxDepthForExport":4,"$schema":"http://www.freedatamap.com/jsonConfigSchema/schema#","dm_DatamapName":"freeDatamap.json","columnNames":0,"styles":[{"name":"root","array index":0,"level":0,"rNod":10,"link":110,"color":"#9467bd","attrPaneCol":"#c5b0d5","arrow":true,"arc":false,"titleStyle":"padding: 4px; border: 2px solid white; border-top-left-radius: 24px; border-top-right-radius: 24px; border-bottom-right-radius: 24px; border-bottom-left-radius: 24px; box-shadow: rgb(136, 136, 136) 5px 5px 5px; margin-bottom: 10px; background: rgba(255, 255, 255, 0.4);","backgroundImage":"freeDatamap-www/sky.jpg","backgroundImage.dm_props":{"name":"backgroundImage","visible":true,"label":"backgroundImage","type":"image","imageName":"freeDatamap-www/sky.jpg","width":800,"height":532,"dontExport":true,"scaleFactor":1}},{"name":"level 1","array index":1,"level":1,"rNod":10,"link":"110","color":"#1f77b4","attrPaneCol":"#aec7e8","arrow":true,"arc":false,"titleStyle":"padding: 4px; border: 2px solid white; border-top-left-radius: 24px; border-top-right-radius: 24px; border-bottom-right-radius: 24px; border-bottom-left-radius: 24px; box-shadow: rgb(136, 136, 136) 5px 5px 5px; margin-bottom: 10px; background: rgba(255, 255, 255, 0.4);","backgroundImage":"freeDatamap-www/sky.jpg","backgroundImage.dm_props":{"name":"backgroundImage","visible":true,"label":"backgroundImage","type":"image","imageName":"freeDatamap-www/sky.jpg","width":800,"height":532,"dontExport":true,"scaleFactor":1}},{"name":"level 2","array index":2,"level":2,"rNod":9,"link":"140","color":"#97675D","attrPaneCol":"#CAA69E","txtCol":"#7f7f7f","arrow":true,"arc":false,"backgroundImage":"freeDatamap-www/sky.jpg","backgroundImage.dm_props":{"name":"backgroundImage","visible":true,"label":"backgroundImage","type":"image","imageName":"freeDatamap-www/sky.jpg","width":800,"height":532,"dontExport":true,"scaleFactor":1}},{"name":"level 3","array index":3,"level":3,"rNod":9,"link":130,"color":"#ff7f0e","attrPaneCol":"#ffbb78","arrow":true,"arc":false},{"name":"leaf","array index":4,"level":19,"arrow":false,"arc":true,"rNod":3,"link":120,"color":"#c7c7c7","attrPaneCol":"#c7c7c7","txtCol":"#7f7f7f"}],"displayProps":[{"name":"root"},{"name":"level 0"},{"name":"level 1"},{"name":"level 2"},{"name":"leaf"}],"dm_sourceFile":"freeDatamap.json"}
}